{
    "release": {
        "id": "acs2024_5yr",
        "name": "ACS 2024 5-year",
        "years": "2020-2024"
    },
    "tables": {
        "B19013": {
            "columns": {
                "B19013001": {
                    "indent": 0,
                    "name": "Median household income in the past 12 months (in 2024 inflation-adjusted dollars)"
                }
            },
            "denominator_column_id": null,
            "title": "Median Household Income in the Past 12 Months (In 2024 Inflation-adjusted Dollars)",
            "universe": "Households"
        }
    }
}